asiakas_tunnus;naytteenotto_pvm;pyynto_tunnus;tutkimus;lyhenne;analyysi;koodi;tulos;yksikko;viitearvot;poikkeama;lahde
SYN-AINO-0046;2008-03-11;POC-20080311-1;P -CRP, vieritutkimus;P -CRP;C-reaktiivinen proteiini;CRP;38;mg/l;< 10;H;Vieritutkimus, terveysasema (synteettinen)
SYN-AINO-0046;2011-05-23;LAB-20110523-1;Sokeriaineenvaihdunta;fP -Gluk;Verensokeri (paastoarvo);GLU;5,1;mmol/l;4,0–6,0;;Laboratoriotulos (synteettinen)
SYN-AINO-0046;2014-11-18;LAB-20141118-1;Lipidit;fP -Kol;Kokonaiskolesteroli;CHOL;5,0;mmol/l;< 5,0;;Laboratoriotulos (synteettinen)
SYN-AINO-0046;2014-11-18;LAB-20141118-1;Lipidit;fP -Kol-HDL;HDL-kolesteroli;HDL;1,6;mmol/l;> 1,2;;Laboratoriotulos (synteettinen)
SYN-AINO-0046;2014-11-18;LAB-20141118-1;Lipidit;fP -Kol-LDL;LDL-kolesteroli;LDL;2,9;mmol/l;< 3,0;;Laboratoriotulos (synteettinen)
SYN-AINO-0046;2014-11-18;LAB-20141118-1;Lipidit;fP -Trigly;Triglyseridit;TRIG;1,1;mmol/l;< 1,7;;Laboratoriotulos (synteettinen)
SYN-AINO-0046;2014-11-18;LAB-20141118-1;Lipidit;fP -Kol-nonHDL;Non-HDL-kolesteroli;NONHDL;3,4;mmol/l;< 3,8;;Laboratoriotulos (synteettinen)
SYN-AINO-0046;2014-11-18;LAB-20141118-2;Sokeriaineenvaihdunta;fP -Gluk;Verensokeri (paastoarvo);GLU;5,2;mmol/l;4,0–6,0;;Laboratoriotulos (synteettinen)
SYN-AINO-0046;2018-04-12;LAB-20180412-1;B -Perusverenkuva ja trombosyytit;B -Hb;Hemoglobiini;HB;134;g/l;117–155;;Laboratoriotulos (synteettinen)
SYN-AINO-0046;2018-04-12;LAB-20180412-1;B -Perusverenkuva ja trombosyytit;B -HKR;Hematokriitti;HKR;0,40;;0,35–0,46;;Laboratoriotulos (synteettinen)
SYN-AINO-0046;2018-04-12;LAB-20180412-1;B -Perusverenkuva ja trombosyytit;B -Eryt;Erytrosyytit (punasolut);ERYT;4,5;E12/l;3,9–5,2;;Laboratoriotulos (synteettinen)
SYN-AINO-0046;2018-04-12;LAB-20180412-1;B -Perusverenkuva ja trombosyytit;E -MCV;Punasolujen keskitilavuus;MCV;88;fl;82–98;;Laboratoriotulos (synteettinen)
SYN-AINO-0046;2018-04-12;LAB-20180412-1;B -Perusverenkuva ja trombosyytit;E -MCH;Punasolujen keskimääräinen hemoglobiini;MCH;30;pg;27–33;;Laboratoriotulos (synteettinen)
SYN-AINO-0046;2018-04-12;LAB-20180412-1;B -Perusverenkuva ja trombosyytit;E -MCHC;Punasolujen hemoglobiinipitoisuus;MCHC;338;g/l;320–355;;Laboratoriotulos (synteettinen)
SYN-AINO-0046;2018-04-12;LAB-20180412-1;B -Perusverenkuva ja trombosyytit;B -Leuk;Leukosyytit (valkosolut);LEUK;5,8;E9/l;3,4–8,2;;Laboratoriotulos (synteettinen)
SYN-AINO-0046;2018-04-12;LAB-20180412-1;B -Perusverenkuva ja trombosyytit;B -Trom;Trombosyytit (verihiutaleet);TROM;248;E9/l;150–360;;Laboratoriotulos (synteettinen)
SYN-AINO-0046;2018-04-12;LAB-20180412-2;Lipidit;fP -Kol;Kokonaiskolesteroli;CHOL;5,3;mmol/l;< 5,0;;Laboratoriotulos (synteettinen)
SYN-AINO-0046;2018-04-12;LAB-20180412-2;Lipidit;fP -Kol-HDL;HDL-kolesteroli;HDL;1,5;mmol/l;> 1,2;;Laboratoriotulos (synteettinen)
SYN-AINO-0046;2018-04-12;LAB-20180412-2;Lipidit;fP -Kol-LDL;LDL-kolesteroli;LDL;3,2;mmol/l;< 3,0;H;Laboratoriotulos (synteettinen)
SYN-AINO-0046;2018-04-12;LAB-20180412-2;Lipidit;fP -Trigly;Triglyseridit;TRIG;1,2;mmol/l;< 1,7;;Laboratoriotulos (synteettinen)
SYN-AINO-0046;2018-04-12;LAB-20180412-2;Lipidit;fP -Kol-nonHDL;Non-HDL-kolesteroli;NONHDL;3,8;mmol/l;< 3,8;H;Laboratoriotulos (synteettinen)
SYN-AINO-0046;2022-05-10;LAB-20220510-1;Lipidit;fP -Kol;Kokonaiskolesteroli;CHOL;5,4;mmol/l;< 5,0;H;Laboratoriotulos (synteettinen)
SYN-AINO-0046;2022-05-10;LAB-20220510-1;Lipidit;fP -Kol-HDL;HDL-kolesteroli;HDL;1,5;mmol/l;> 1,2;;Laboratoriotulos (synteettinen)
SYN-AINO-0046;2022-05-10;LAB-20220510-1;Lipidit;fP -Kol-LDL;LDL-kolesteroli;LDL;3,3;mmol/l;< 3,0;H;Laboratoriotulos (synteettinen)
SYN-AINO-0046;2022-05-10;LAB-20220510-1;Lipidit;fP -Trigly;Triglyseridit;TRIG;1,3;mmol/l;< 1,7;;Laboratoriotulos (synteettinen)
SYN-AINO-0046;2022-05-10;LAB-20220510-1;Lipidit;fP -Kol-nonHDL;Non-HDL-kolesteroli;NONHDL;3,9;mmol/l;< 3,8;H;Laboratoriotulos (synteettinen)
SYN-AINO-0046;2022-05-10;LAB-20220510-2;Sokeriaineenvaihdunta;fP -Gluk;Verensokeri (paastoarvo);GLU;5,5;mmol/l;4,0–6,0;;Laboratoriotulos (synteettinen)
SYN-AINO-0046;2022-05-10;LAB-20220510-2;Sokeriaineenvaihdunta;B -HbA1c;Sokerihemoglobiini (HbA1c);HBA1C;34;mmol/mol;20–42;;Laboratoriotulos (synteettinen)
SYN-AINO-0046;2025-01-08;LAB-20250108-1;Munuaisten toiminta ja elektrolyytit;P -Krea;Kreatiniini;KREA;68;µmol/l;50–90;;Laboratoriotulos (synteettinen)
SYN-AINO-0046;2025-01-08;LAB-20250108-1;Munuaisten toiminta ja elektrolyytit;P -GFReEPI;Glomerulusten suodatusnopeus, arvio (eGFR);EGFR;96;ml/min/1,73 m²;> 60;;Laboratoriotulos (synteettinen)
SYN-AINO-0046;2025-01-08;LAB-20250108-1;Munuaisten toiminta ja elektrolyytit;P -K;Kalium;K;4,1;mmol/l;3,3–4,9;;Laboratoriotulos (synteettinen)
SYN-AINO-0046;2025-01-08;LAB-20250108-1;Munuaisten toiminta ja elektrolyytit;P -Na;Natrium;NA;141;mmol/l;137–145;;Laboratoriotulos (synteettinen)
SYN-AINO-0046;2025-01-08;LAB-20250108-1;Munuaisten toiminta ja elektrolyytit;U -AlbKrea;Albumiinin ja kreatiniinin suhde virtsassa;UALBKREA;1,1;mg/mmol;< 3,0;;Laboratoriotulos (synteettinen)
SYN-AINO-0046;2025-01-08;LAB-20250108-2;Sokeriaineenvaihdunta;fP -Gluk;Verensokeri (paastoarvo);GLU;5,6;mmol/l;4,0–6,0;;Laboratoriotulos (synteettinen)
SYN-AINO-0046;2025-01-08;LAB-20250108-2;Sokeriaineenvaihdunta;B -HbA1c;Sokerihemoglobiini (HbA1c);HBA1C;35;mmol/mol;20–42;;Laboratoriotulos (synteettinen)
SYN-AINO-0046;2025-01-08;LAB-20250108-3;U -Kemiallinen seulonta;U -pH;Virtsan happamuus;U_PH;6,0;;5,0–8,0;;Laboratoriotulos (synteettinen)
SYN-AINO-0046;2025-01-08;LAB-20250108-3;U -Kemiallinen seulonta;U -Omp;Virtsan ominaispaino;U_OMP;1,015;;1,005–1,030;;Laboratoriotulos (synteettinen)
SYN-AINO-0046;2025-01-08;LAB-20250108-3;U -Kemiallinen seulonta;U -Prot;Proteiini;U_PROT;Negatiivinen;;Negatiivinen;;Laboratoriotulos (synteettinen)
SYN-AINO-0046;2025-01-08;LAB-20250108-3;U -Kemiallinen seulonta;U -Gluk;Glukoosi;U_GLUK;Negatiivinen;;Negatiivinen;;Laboratoriotulos (synteettinen)
SYN-AINO-0046;2025-01-08;LAB-20250108-3;U -Kemiallinen seulonta;U -Keto;Ketoaineet;U_KETO;Negatiivinen;;Negatiivinen;;Laboratoriotulos (synteettinen)
SYN-AINO-0046;2025-01-08;LAB-20250108-3;U -Kemiallinen seulonta;U -Eryt;Punasolut (hemoglobiini);U_ERYT;Negatiivinen;;Negatiivinen;;Laboratoriotulos (synteettinen)
SYN-AINO-0046;2025-01-08;LAB-20250108-3;U -Kemiallinen seulonta;U -Leuk;Valkosolut;U_LEUK;Negatiivinen;;Negatiivinen;;Laboratoriotulos (synteettinen)
SYN-AINO-0046;2025-01-08;LAB-20250108-3;U -Kemiallinen seulonta;U -Nitrit;Nitriitti;U_NITR;Negatiivinen;;Negatiivinen;;Laboratoriotulos (synteettinen)
SYN-AINO-0046;2025-01-10;POC-20250110-1;B -Perusverenkuva, minidiff, vieritutkimus;B -Leuk;Leukosyytit (valkosolut);LEUK;6,2;E9/l;3,4–8,2;;Vieritutkimus, terveysasema (synteettinen)
SYN-AINO-0046;2025-01-10;POC-20250110-1;B -Perusverenkuva, minidiff, vieritutkimus;B -Lymf;Lymfosyytit;LYMF;2,1;E9/l;1,3–3,6;;Vieritutkimus, terveysasema (synteettinen)
SYN-AINO-0046;2025-01-10;POC-20250110-1;B -Perusverenkuva, minidiff, vieritutkimus;B -Mid;Keskikokoiset valkosolut;MID;0,5;E9/l;0,2–1,0;;Vieritutkimus, terveysasema (synteettinen)
SYN-AINO-0046;2025-01-10;POC-20250110-1;B -Perusverenkuva, minidiff, vieritutkimus;B -Gran;Granulosyytit;GRAN;3,6;E9/l;1,8–7,0;;Vieritutkimus, terveysasema (synteettinen)
SYN-AINO-0046;2025-01-10;POC-20250110-1;B -Perusverenkuva, minidiff, vieritutkimus;B -Lymf-%;Lymfosyyttien osuus;LYMF_PCT;34;%;20–45;;Vieritutkimus, terveysasema (synteettinen)
SYN-AINO-0046;2025-01-10;POC-20250110-1;B -Perusverenkuva, minidiff, vieritutkimus;B -Mid-%;Keskikokoisten valkosolujen osuus;MID_PCT;8;%;3–12;;Vieritutkimus, terveysasema (synteettinen)
SYN-AINO-0046;2025-01-10;POC-20250110-1;B -Perusverenkuva, minidiff, vieritutkimus;B -Gran-%;Granulosyyttien osuus;GRAN_PCT;58;%;40–75;;Vieritutkimus, terveysasema (synteettinen)
SYN-AINO-0046;2025-01-10;POC-20250110-1;B -Perusverenkuva, minidiff, vieritutkimus;B -Eryt;Erytrosyytit (punasolut);ERYT;4,4;E12/l;3,9–5,2;;Vieritutkimus, terveysasema (synteettinen)
SYN-AINO-0046;2025-01-10;POC-20250110-1;B -Perusverenkuva, minidiff, vieritutkimus;B -Hb;Hemoglobiini;HB;131;g/l;117–155;;Vieritutkimus, terveysasema (synteettinen)
SYN-AINO-0046;2025-01-10;POC-20250110-1;B -Perusverenkuva, minidiff, vieritutkimus;B -HKR;Hematokriitti;HKR;0,39;;0,35–0,46;;Vieritutkimus, terveysasema (synteettinen)
SYN-AINO-0046;2025-01-10;POC-20250110-1;B -Perusverenkuva, minidiff, vieritutkimus;E -MCV;Punasolujen keskitilavuus;MCV;89;fl;82–98;;Vieritutkimus, terveysasema (synteettinen)
SYN-AINO-0046;2025-01-10;POC-20250110-1;B -Perusverenkuva, minidiff, vieritutkimus;E -MCH;Punasolujen keskimääräinen hemoglobiini;MCH;30;pg;27–33;;Vieritutkimus, terveysasema (synteettinen)
SYN-AINO-0046;2025-01-10;POC-20250110-1;B -Perusverenkuva, minidiff, vieritutkimus;E -MCHC;Punasolujen hemoglobiinipitoisuus;MCHC;336;g/l;320–355;;Vieritutkimus, terveysasema (synteettinen)
SYN-AINO-0046;2025-01-10;POC-20250110-1;B -Perusverenkuva, minidiff, vieritutkimus;E -RDW;Punasolujen kokojakauma;RDW;13,1;%;11–15;;Vieritutkimus, terveysasema (synteettinen)
SYN-AINO-0046;2025-01-10;POC-20250110-1;B -Perusverenkuva, minidiff, vieritutkimus;B -Trom;Trombosyytit (verihiutaleet);TROM;262;E9/l;150–360;;Vieritutkimus, terveysasema (synteettinen)
SYN-AINO-0046;2025-01-10;POC-20250110-1;B -Perusverenkuva, minidiff, vieritutkimus;B -MPV;Trombosyyttien keskitilavuus;MPV;9,4;fl;7,0–11,0;;Vieritutkimus, terveysasema (synteettinen)
SYN-AINO-0046;2025-01-10;POC-20250110-1;B -Perusverenkuva, minidiff, vieritutkimus;B -PDW;Trombosyyttien kokojakauma;PDW;12,1;fl;9,0–17,0;;Vieritutkimus, terveysasema (synteettinen)
SYN-AINO-0046;2025-03-04;LAB-20250304-1;Lipidit;fP -Kol;Kokonaiskolesteroli;CHOL;5,6;mmol/l;< 5,0;H;Laboratoriotulos (synteettinen)
SYN-AINO-0046;2025-03-04;LAB-20250304-1;Lipidit;fP -Kol-HDL;HDL-kolesteroli;HDL;1,5;mmol/l;> 1,2;;Laboratoriotulos (synteettinen)
SYN-AINO-0046;2025-03-04;LAB-20250304-1;Lipidit;fP -Kol-LDL;LDL-kolesteroli;LDL;3,4;mmol/l;< 3,0;H;Laboratoriotulos (synteettinen)
SYN-AINO-0046;2025-03-04;LAB-20250304-1;Lipidit;fP -Trigly;Triglyseridit;TRIG;1,3;mmol/l;< 1,7;;Laboratoriotulos (synteettinen)
SYN-AINO-0046;2025-03-04;LAB-20250304-1;Lipidit;fP -Kol-nonHDL;Non-HDL-kolesteroli;NONHDL;4,1;mmol/l;< 3,8;H;Laboratoriotulos (synteettinen)
SYN-AINO-0046;2025-03-04;LAB-20250304-1;Lipidit;P -ApoB;Apolipoproteiini B;APOB;1,12;g/l;< 1,00;H;Laboratoriotulos (synteettinen)
SYN-AINO-0046;2025-03-04;LAB-20250304-1;Lipidit;P -Lp(a);Lipoproteiini(a);LPA;44;nmol/l;< 105;;Laboratoriotulos (synteettinen)
SYN-AINO-0046;2025-03-04;LAB-20250304-2;Kilpirauhasen toiminta;P -TSH;Tyreotropiini;TSH;1,9;mU/l;0,5–3,6;;Laboratoriotulos (synteettinen)
SYN-AINO-0046;2025-03-04;LAB-20250304-2;Kilpirauhasen toiminta;P -T4-V;Vapaa tyroksiini;T4V;14;pmol/l;9–19;;Laboratoriotulos (synteettinen)
SYN-AINO-0046;2026-05-12;LAB-20260512-1;Lipidit;fP -Kol;Kokonaiskolesteroli;CHOL;4,9;mmol/l;< 5,0;;Laboratoriotulos (synteettinen)
SYN-AINO-0046;2026-05-12;LAB-20260512-1;Lipidit;fP -Kol-HDL;HDL-kolesteroli;HDL;1,6;mmol/l;> 1,2;;Laboratoriotulos (synteettinen)
SYN-AINO-0046;2026-05-12;LAB-20260512-1;Lipidit;fP -Kol-LDL;LDL-kolesteroli;LDL;2,9;mmol/l;< 3,0;;Laboratoriotulos (synteettinen)
SYN-AINO-0046;2026-05-12;LAB-20260512-1;Lipidit;fP -Trigly;Triglyseridit;TRIG;1,0;mmol/l;< 1,7;;Laboratoriotulos (synteettinen)
SYN-AINO-0046;2026-05-12;LAB-20260512-1;Lipidit;fP -Kol-nonHDL;Non-HDL-kolesteroli;NONHDL;3,3;mmol/l;< 3,8;;Laboratoriotulos (synteettinen)
SYN-AINO-0046;2026-05-12;LAB-20260512-1;Lipidit;P -ApoB;Apolipoproteiini B;APOB;0,94;g/l;< 1,00;;Laboratoriotulos (synteettinen)
SYN-AINO-0046;2026-05-12;LAB-20260512-1;Lipidit;P -Lp(a);Lipoproteiini(a);LPA;44;nmol/l;< 105;;Laboratoriotulos (synteettinen)
SYN-AINO-0046;2026-05-12;LAB-20260512-2;Sokeriaineenvaihdunta;fP -Gluk;Verensokeri (paastoarvo);GLU;5,9;mmol/l;4,0–6,0;;Laboratoriotulos (synteettinen)
SYN-AINO-0046;2026-05-12;LAB-20260512-2;Sokeriaineenvaihdunta;B -HbA1c;Sokerihemoglobiini (HbA1c);HBA1C;38;mmol/mol;20–42;;Laboratoriotulos (synteettinen)
SYN-AINO-0046;2026-05-12;LAB-20260512-3;Maksa-arvot;P -ALAT;Alaniiniaminotransferaasi;ALAT;22;U/l;< 35;;Laboratoriotulos (synteettinen)
SYN-AINO-0046;2026-05-12;LAB-20260512-3;Maksa-arvot;P -AFOS;Alkalinen fosfataasi;AFOS;64;U/l;35–105;;Laboratoriotulos (synteettinen)
SYN-AINO-0046;2026-05-12;LAB-20260512-3;Maksa-arvot;P -GT;Glutamyylitransferaasi;GT;18;U/l;< 35;;Laboratoriotulos (synteettinen)
SYN-MUU-0001;2026-08-01;LAB-20260801-9;Sokeriaineenvaihdunta;fP -Gluk;Verensokeri (paastoarvo);GLU;7,4;mmol/l;4,0–6,0;H;Laboratoriotulos (synteettinen)
SYN-MUU-0001;2026-08-01;LAB-20260801-9;Sokeriaineenvaihdunta;B -HbA1c;Sokerihemoglobiini (HbA1c);HBA1C;58;mmol/mol;20–42;H;Laboratoriotulos (synteettinen)
